run_id,task_id,analysis_id,protocol,analysis_version,model,endpoint,analysis_variant,development_definition,test_definition,n_development,development_positive_n,development_negative_n,n_test,test_positive_n,test_negative_n,test_patient_n,test_episode_n,rolling_origin_fold_n,hyperparameter_source,best_hyperparameters,status,oof_n,oof_positive_n,oof_negative_n,AUROC,AUPRC,AUPRC_baseline,AUPRC_lift,Brier_raw,ECE_raw,calibration_slope_raw,calibration_intercept_raw,Brier_platt,ECE_platt,calibration_slope_platt,calibration_intercept_platt,threshold_youden,sensitivity_youden,specificity_youden,PPV_youden,NPV_youden,non_susceptible_miss_rate_youden,susceptible_alert_rate_youden,threshold_sens90,sensitivity_sens90,specificity_sens90,PPV_sens90,NPV_sens90,non_susceptible_miss_rate_sens90,susceptible_alert_rate_sens90,threshold_spec90,sensitivity_spec90,specificity_spec90,PPV_spec90,NPV_spec90,non_susceptible_miss_rate_spec90,susceptible_alert_rate_spec90,AUROC_CI_low,AUROC_CI_high,AUPRC_CI_low,AUPRC_CI_high,AUPRC_baseline_CI_low,AUPRC_baseline_CI_high,AUPRC_lift_CI_low,AUPRC_lift_CI_high,Brier_raw_CI_low,Brier_raw_CI_high,ECE_raw_CI_low,ECE_raw_CI_high,calibration_slope_raw_CI_low,calibration_slope_raw_CI_high,calibration_intercept_raw_CI_low,calibration_intercept_raw_CI_high,Brier_platt_CI_low,Brier_platt_CI_high,ECE_platt_CI_low,ECE_platt_CI_high,calibration_slope_platt_CI_low,calibration_slope_platt_CI_high,calibration_intercept_platt_CI_low,calibration_intercept_platt_CI_high,sensitivity_youden_CI_low,sensitivity_youden_CI_high,specificity_youden_CI_low,specificity_youden_CI_high,PPV_youden_CI_low,PPV_youden_CI_high,NPV_youden_CI_low,NPV_youden_CI_high,non_susceptible_miss_rate_youden_CI_low,non_susceptible_miss_rate_youden_CI_high,susceptible_alert_rate_youden_CI_low,susceptible_alert_rate_youden_CI_high,sensitivity_sens90_CI_low,sensitivity_sens90_CI_high,specificity_sens90_CI_low,specificity_sens90_CI_high,PPV_sens90_CI_low,PPV_sens90_CI_high,NPV_sens90_CI_low,NPV_sens90_CI_high,non_susceptible_miss_rate_sens90_CI_low,non_susceptible_miss_rate_sens90_CI_high,susceptible_alert_rate_sens90_CI_low,susceptible_alert_rate_sens90_CI_high,sensitivity_spec90_CI_low,sensitivity_spec90_CI_high,specificity_spec90_CI_low,specificity_spec90_CI_high,PPV_spec90_CI_low,PPV_spec90_CI_high,NPV_spec90_CI_low,NPV_spec90_CI_high,non_susceptible_miss_rate_spec90_CI_low,non_susceptible_miss_rate_spec90_CI_high,susceptible_alert_rate_spec90_CI_low,susceptible_alert_rate_spec90_CI_high
sa_oxacillin__historical_S_vs_IR__lightgbm__B_post_marker_current_temporal__all_samples_workload_primary__patient_disjoint_test,sa_oxa,patient_episode_sensitivity,current_workflow_protocol_b,v2026.07.17.3,lightgbm,historical_S_vs_IR,patient_disjoint_test,2025-07-01 through 2026-02-28,2026-03-01 through 2026-06-09,498,262,236,179,100,79,144,145,3,rolling_origin_selection,"{""class_weight"": ""balanced"", ""colsample_bytree"": 0.8, ""learning_rate"": 0.05, ""min_child_samples"": 20, ""n_estimators"": 300, ""num_leaves"": 15, ""subsample"": 0.8}",ok,252,124,128,0.6132911392405063,0.7004724220104391,0.5586592178770949,1.2538456353986862,0.31104483901803087,0.2505353495870341,0.15097093189463676,0.2042428258527435,0.2445837460808659,0.07494303352459618,0.6314854441818948,0.2835455898668074,0.5048215668479408,0.55,0.6329113924050633,0.6547619047619048,0.5263157894736842,0.44999999999999996,0.36708860759493667,0.348459796366438,0.81,0.21518987341772153,0.5664335664335665,0.4722222222222222,0.18999999999999995,0.7848101265822784,0.6088670120144205,0.31,0.8860759493670886,0.775,0.5035971223021583,0.69,0.11392405063291144,0.5170577081861033,0.7017594773647405,0.5799977879427374,0.7996745006606762,0.47674418604651164,0.6417299017118274,1.106100442761256,1.4300043366611757,0.2554103849598464,0.3716524437813662,0.20051748687636262,0.34627959025394256,0.032662090245648735,0.2776671492617963,-0.1324952827048676,0.5483328056564563,0.22109321506686444,0.26807839962628865,0.05802401765753065,0.1711785807978979,0.1363366629757399,1.161389380498763,-0.04420234503446354,0.6330179468828313,0.43562204046491604,0.6600178571428572,0.5262392900856793,0.7466708860759494,0.5308456046407853,0.7682926829268293,0.4199938271604938,0.6404494382022472,0.33998214285714284,0.564377959535084,0.2533291139240506,0.4737607099143206,0.7233995060790274,0.8889639639639638,0.12675610625779996,0.31325750764251037,0.47466710504685183,0.6641804662817301,0.3076923076923077,0.6428571428571429,0.1110360360360361,0.2766004939209726,0.6867424923574896,0.8732438937422,0.21051315789473682,0.40742630385487527,0.808969524395875,0.950030487804878,0.6215983224603914,0.9,0.41219208488982734,0.5957517260814428,0.5925736961451247,0.7894868421052632,0.049969512195121996,0.19103047560412498
sa_oxacillin__historical_S_vs_IR__lightgbm__B_post_marker_current_temporal__patient_species_30d_episode_first,sa_oxa,patient_episode_sensitivity,current_workflow_protocol_b,v2026.07.17.3,lightgbm,historical_S_vs_IR,patient_species_30d_episode_first,2025-07-01 through 2026-02-28,2026-03-01 through 2026-06-09,416,208,208,152,85,67,151,152,3,fixed_from_all_samples_same_task_protocol_label,"{""class_weight"": ""balanced"", ""colsample_bytree"": 0.8, ""learning_rate"": 0.05, ""min_child_samples"": 20, ""n_estimators"": 300, ""num_leaves"": 15, ""subsample"": 0.8}",ok,203,92,111,0.6110623353819139,0.7016059987218636,0.5592105263157895,1.2546366094790973,0.3152501864321402,0.26216691874266973,0.13565604758648012,0.25695175873316295,0.2533120190963574,0.11885955350148775,0.5999159878269752,0.4060047392760122,0.4301412745131935,0.6235294117647059,0.582089552238806,0.654320987654321,0.5492957746478874,0.3764705882352941,0.417910447761194,0.3134083121464426,0.8235294117647058,0.2537313432835821,0.5833333333333334,0.53125,0.17647058823529416,0.7462686567164178,0.5932454626696226,0.23529411764705882,0.9253731343283582,0.8,0.4881889763779528,0.7647058823529411,0.07462686567164178,0.5191675191525154,0.7005244755244755,0.5963714645394858,0.79342929895807,0.47368421052631576,0.6382170192638459,1.1132673018160961,1.4231430321367433,0.2566676441595133,0.3755722341457271,0.20878196931212498,0.3572693618949468,0.0263319013532744,0.2615615025833373,-0.09851981790226728,0.595118615994646,0.22778674110389965,0.2795452245199209,0.07578545713004364,0.20382530572253965,0.11641778793469855,1.157223019290565,0.050238483321483215,0.7665264086601433,0.5128205128205128,0.7333544303797468,0.46551724137931033,0.6973945279866332,0.5384615384615384,0.7558139534883721,0.4364734561213434,0.6666666666666666,0.2666455696202532,0.4871794871794872,0.3026054720133668,0.5344827586206897,0.7448866213151928,0.9012646793134598,0.15251669234720083,0.3611111111111111,0.49137552934059286,0.6722725297015358,0.3548387096774194,0.7037037037037037,0.0987353206865402,0.2551133786848072,0.6388888888888888,0.8474833076527991,0.144726668475312,0.32468344155844153,0.8499828767123287,0.9843810096153847,0.6248511904761905,0.954594861660079,0.40306262589269365,0.5846186440677966,0.6753165584415585,0.855273331524688,0.015618990384615384,0.15001712328767125
sa_levofloxacin__historical_S_vs_IR__lightgbm__B_post_marker_current_temporal__all_samples_workload_primary__patient_disjoint_test,sa_lvx,patient_episode_sensitivity,current_workflow_protocol_b,v2026.07.17.3,lightgbm,historical_S_vs_IR,patient_disjoint_test,2025-07-01 through 2026-02-28,2026-03-01 through 2026-06-09,496,187,309,179,61,118,144,145,3,rolling_origin_selection,"{""class_weight"": ""balanced"", ""colsample_bytree"": 0.8, ""learning_rate"": 0.05, ""min_child_samples"": 20, ""n_estimators"": 300, ""num_leaves"": 31, ""subsample"": 0.8}",ok,251,99,152,0.7936926924145595,0.7188680175194236,0.3407821229050279,2.1094651661635546,0.20018519725625908,0.16809966255846756,0.31339491462719377,-0.09098146177724359,0.16704014281047513,0.06464423235189018,1.3992934301007012,0.13396471714040065,0.5340788789068648,0.4098360655737705,0.9322033898305084,0.7575757575757576,0.7534246575342466,0.5901639344262295,0.06779661016949157,0.23385568453118064,0.9016393442622951,0.4491525423728814,0.4583333333333333,0.8983050847457628,0.09836065573770492,0.5508474576271186,0.5894219327842807,0.32786885245901637,0.9661016949152542,0.8333333333333334,0.7354838709677419,0.6721311475409837,0.03389830508474578,0.704002552367541,0.865292599357362,0.5850186979130692,0.8254316513803066,0.2569122503780981,0.42857142857142855,1.7248540014939584,2.706081140129609,0.14441580739664722,0.2575561936015757,0.12138511624271722,0.24984493555801965,0.21695516152921202,0.43776893522854987,-0.5415032494404042,0.38501364936068133,0.13803166725480323,0.19918526157802097,0.05439558496615827,0.13997997991697153,0.9685907667635185,1.9537081862392445,-0.3323625553332122,0.6839805056028189,0.2711776129943503,0.5490441176470588,0.8818879742304939,0.9747951680672269,0.567545045045045,0.9090909090909091,0.6688189845474614,0.8333333333333334,0.45095588235294115,0.7288223870056497,0.02520483193277313,0.1181120257695061,0.8043284161490684,0.9807692307692307,0.34779380111924235,0.548731262416471,0.3490457850095205,0.5652342433434445,0.7906882970742686,0.9800098039215686,0.019230769230769273,0.19567158385093164,0.45126873758352903,0.6522061988807576,0.18963077423552374,0.4769402985074627,0.9327731092436975,0.9916666666666667,0.6363636363636364,0.9615384615384616,0.6505950181092468,0.8163451966152314,0.5230597014925372,0.8103692257644762,0.008333333333333304,0.0672268907563025
sa_levofloxacin__historical_S_vs_IR__lightgbm__B_post_marker_current_temporal__patient_species_30d_episode_first,sa_lvx,patient_episode_sensitivity,current_workflow_protocol_b,v2026.07.17.3,lightgbm,historical_S_vs_IR,patient_species_30d_episode_first,2025-07-01 through 2026-02-28,2026-03-01 through 2026-06-09,414,145,269,152,47,105,151,152,3,fixed_from_all_samples_same_task_protocol_label,"{""class_weight"": ""balanced"", ""colsample_bytree"": 0.8, ""learning_rate"": 0.05, ""min_child_samples"": 20, ""n_estimators"": 300, ""num_leaves"": 31, ""subsample"": 0.8}",ok,202,72,130,0.7627152988855117,0.6701299946546779,0.3092105263157895,2.1672289188832137,0.19676548507319047,0.17123462705268394,0.27671078882456124,-0.2035204542299231,0.16508965644341467,0.060436244096396544,1.0639711617941703,0.05573331571588694,0.3591277377374844,0.574468085106383,0.8285714285714286,0.6,0.8130841121495327,0.42553191489361697,0.17142857142857137,0.19114012227649838,0.8297872340425532,0.4666666666666667,0.4105263157894737,0.8596491228070176,0.17021276595744683,0.5333333333333333,0.5969668883485502,0.3191489361702128,0.9619047619047619,0.7894736842105263,0.7593984962406015,0.6808510638297872,0.03809523809523807,0.6768525109158708,0.8455368076890254,0.5297825331244149,0.7907190411016961,0.23837138375740677,0.38822215928895076,1.765801112922424,2.7767154606869053,0.14607185580072105,0.2534866722146045,0.136236531588552,0.25512462410202985,0.18582787507957746,0.4004954439645908,-0.618607701840478,0.253238963909726,0.13391369764404046,0.19770392596055658,0.0507459147650159,0.14729644147835028,0.7147846172350962,1.5399908614876723,-0.39384928214472853,0.5850939827473305,0.425,0.7143530997304581,0.7544936993699369,0.9000225225225226,0.44178956324446966,0.744198416625433,0.7368301435406698,0.8817928039702233,0.28564690026954176,0.575,0.09997747747747746,0.24550630063006298,0.720906976744186,0.9268728222996516,0.37254901960784315,0.5577205882352941,0.3125,0.5158068247541933,0.7678571428571429,0.9444444444444444,0.07312717770034839,0.279093023255814,0.44227941176470587,0.6274509803921569,0.19044401544401543,0.46511627906976744,0.9245103324348608,1.0,0.5882352941176471,1.0,0.682521645021645,0.8294616709732989,0.5348837209302326,0.8095559845559845,0.0,0.07548966756513922
sa_gentamicin__historical_S_vs_IR__lightgbm__B_post_marker_current_temporal__all_samples_workload_primary__patient_disjoint_test,sa_gen,patient_episode_sensitivity,current_workflow_protocol_b,v2026.07.17.3,lightgbm,historical_S_vs_IR,patient_disjoint_test,2025-07-01 through 2026-02-28,2026-03-01 through 2026-06-09,496,80,416,179,30,149,144,145,3,rolling_origin_selection,"{""class_weight"": ""balanced"", ""colsample_bytree"": 0.8, ""learning_rate"": 0.05, ""min_child_samples"": 20, ""n_estimators"": 300, ""num_leaves"": 15, ""subsample"": 0.8}",ok,251,48,203,0.8420581655480983,0.5717579760062883,0.16759776536312848,3.4114892568375206,0.1224964820506447,0.11868462825496791,0.3375415519825214,-0.05753772485231122,0.10657276841337919,0.06017054841086129,1.444793348120919,0.10091947052392357,0.28614549107231607,0.5666666666666667,0.8523489932885906,0.4358974358974359,0.9071428571428571,0.43333333333333335,0.1476510067114094,0.07392670946402612,1.0,0.10738255033557047,0.18404907975460122,1.0,0.0,0.8926174496644296,0.32297591044642604,0.5,0.8926174496644296,0.4838709677419355,0.8986486486486487,0.5,0.10738255033557043,0.7591017185821698,0.9070425849481247,0.3573004411651536,0.7561462390467638,0.09549892990904227,0.24470908118388204,2.3980595374053935,5.314190973172422,0.07430775198297963,0.18018982332385045,0.07411112255092685,0.17947413482378843,0.22943981851054362,0.48408194072458316,-0.8507831338589223,0.7734517785140742,0.07741238993355425,0.14137477878421081,0.04786004292624396,0.11746934611670794,0.9800479143759256,2.0707153313048012,-0.7258590345579652,0.9992495015690405,0.36354545454545456,0.75,0.7852242800101945,0.9108312974435041,0.23333333333333334,0.6271269524759056,0.847995652173913,0.9555637254901961,0.25,0.6364545454545454,0.08916870255649592,0.21477571998980546,1.0,1.0,0.058823529411764705,0.16197658926532166,0.10758363471971068,0.2682996515679443,1.0,1.0,0.0,0.0,0.8380234107346783,0.9411764705882353,0.3157894736842105,0.6666666666666666,0.8367313592103508,0.9411860198624904,0.26666666666666666,0.6875,0.8389261744966443,0.9481481481481482,0.33333333333333337,0.6842105263157895,0.05881398013750956,0.16326864078964914
sa_gentamicin__historical_S_vs_IR__lightgbm__B_post_marker_current_temporal__patient_species_30d_episode_first,sa_gen,patient_episode_sensitivity,current_workflow_protocol_b,v2026.07.17.3,lightgbm,historical_S_vs_IR,patient_species_30d_episode_first,2025-07-01 through 2026-02-28,2026-03-01 through 2026-06-09,414,56,358,152,22,130,151,152,3,fixed_from_all_samples_same_task_protocol_label,"{""class_weight"": ""balanced"", ""colsample_bytree"": 0.8, ""learning_rate"": 0.05, ""min_child_samples"": 20, ""n_estimators"": 300, ""num_leaves"": 15, ""subsample"": 0.8}",ok,202,31,171,0.8363636363636363,0.5308055496097718,0.14473684210526316,3.6673837973038776,0.11129328245933869,0.11766082383386287,0.293814132406247,-0.29967241087591734,0.09744856229755972,0.07168247844784668,0.9318697271487149,-0.31721443251478343,0.30114416306009717,0.5,0.9076923076923077,0.4782608695652174,0.9147286821705426,0.5,0.09230769230769231,0.0250534259169371,1.0,0.06923076923076923,0.15384615384615385,1.0,0.0,0.9307692307692308,0.25760327033487035,0.5,0.8769230769230769,0.4074074074074074,0.912,0.5,0.12307692307692308,0.744289088863892,0.9105030900012541,0.32998400411058065,0.7303355593095114,0.08609271523178808,0.2026477038183694,2.4727269187774774,6.081942815548003,0.0653042162824104,0.1619709226708915,0.07362565426518987,0.1747140512169436,0.19470138145101548,0.42361393394666297,-1.0544569786483637,0.39198954095042726,0.06301372169480633,0.1329128376275316,0.049752164865064924,0.13336674765647116,0.6176432137783103,1.343935664184026,-1.071440357693963,0.36979856066188965,0.3076086956521739,0.7059436274509804,0.8503838582677166,0.9538461538461539,0.2631006864988558,0.6818181818181818,0.8650793650793651,0.9612403100775194,0.29405637254901956,0.692391304347826,0.0461538461538461,0.1496161417322834,1.0,1.0,0.03007518796992481,0.11365804996530185,0.09352517985611511,0.21379310344827587,1.0,1.0,0.0,0.0,0.8863419500346981,0.9699248120300752,0.3076086956521739,0.7059436274509804,0.8153781512605042,0.9270321167883211,0.20829741379310346,0.5909511784511784,0.8595009039256198,0.9596774193548387,0.29405637254901956,0.692391304347826,0.07296788321167885,0.1846218487394958
kp_cefepime__historical_S_vs_IR__lightgbm__B_post_marker_current_temporal__all_samples_workload_primary__patient_disjoint_test,kp_fep,patient_episode_sensitivity,current_workflow_protocol_b,v2026.07.17.3,lightgbm,historical_S_vs_IR,patient_disjoint_test,2025-07-01 through 2026-02-28,2026-03-01 through 2026-06-09,1089,394,695,392,143,249,309,314,3,rolling_origin_selection,"{""class_weight"": ""balanced"", ""colsample_bytree"": 0.8, ""learning_rate"": 0.05, ""min_child_samples"": 20, ""n_estimators"": 300, ""num_leaves"": 15, ""subsample"": 0.8}",ok,487,176,311,0.7808015277894795,0.6933213257987757,0.3647959183673469,1.9005731448469936,0.19326988385186966,0.11317171730368436,0.491531348932888,-0.1771974640212997,0.17876098375138294,0.072783234374159,1.1490636750833592,-0.1773145544639236,0.30249307628399164,0.8321678321678322,0.5020080321285141,0.4897119341563786,0.8389261744966443,0.1678321678321678,0.4979919678714859,0.18320290993588137,0.9790209790209791,0.25301204819277107,0.4294478527607362,0.9545454545454546,0.020979020979020935,0.7469879518072289,0.5795587237324343,0.42657342657342656,0.8795180722891566,0.6703296703296703,0.7275747508305648,0.5734265734265734,0.12048192771084343,0.7297547669071486,0.829073771542059,0.6023269053199827,0.7708578610283843,0.2991940181584445,0.4240232307575987,1.682690225301485,2.2167731482002893,0.1626008358296443,0.22443102029362363,0.08759752500961335,0.16322775395537714,0.3930797873640836,0.6224773517591082,-0.4934765905935538,0.13791112616521012,0.15965071888813107,0.19727813132678748,0.05652766345369817,0.12255995918884303,0.9187484611457177,1.454198860404654,-0.49390989226197374,0.1381117444473428,0.7702702702702703,0.8904332936271591,0.4387317106996741,0.5650643891267862,0.4130298913043478,0.5640129032258064,0.7786233925918336,0.8986656539089425,0.10956670637284097,0.22972972972972971,0.43493561087321375,0.5612682893003259,0.9534844961240311,1.0,0.20154965072066494,0.30627907141140376,0.3588637102344289,0.49723735135987107,0.9,1.0,0.0,0.04651550387596896,0.6937209285885961,0.798450349279335,0.33561312417145384,0.5225843108504399,0.8359214154411765,0.9179870109247967,0.5529026937877956,0.7741935483870968,0.6699718543046358,0.7905444688874922,0.4774156891495601,0.6643868758285462,0.08201298907520325,0.16407858455882351
kp_cefepime__historical_S_vs_IR__lightgbm__B_post_marker_current_temporal__patient_species_30d_episode_first,kp_fep,patient_episode_sensitivity,current_workflow_protocol_b,v2026.07.17.3,lightgbm,historical_S_vs_IR,patient_species_30d_episode_first,2025-07-01 through 2026-02-28,2026-03-01 through 2026-06-09,849,258,591,332,110,222,326,332,3,fixed_from_all_samples_same_task_protocol_label,"{""class_weight"": ""balanced"", ""colsample_bytree"": 0.8, ""learning_rate"": 0.05, ""min_child_samples"": 20, ""n_estimators"": 300, ""num_leaves"": 15, ""subsample"": 0.8}",ok,383,116,267,0.7889434889434889,0.682842013042124,0.3313253012048193,2.0609413484544103,0.17785706950908237,0.10847668091635204,0.4503420882990517,-0.1583725533977772,0.1691415939725261,0.043486597798282886,1.32287200166797,0.13391984257132755,0.23946004802554746,0.8636363636363636,0.45495495495495497,0.4398148148148148,0.8706896551724138,0.13636363636363635,0.545045045045045,0.17347142438486868,0.9363636363636364,0.31981981981981983,0.40551181102362205,0.9102564102564102,0.0636363636363636,0.6801801801801801,0.5235686685272006,0.39090909090909093,0.9459459459459459,0.7818181818181819,0.7581227436823105,0.6090909090909091,0.05405405405405406,0.7350363856561094,0.8397081395451262,0.5914023144702358,0.7644507943207499,0.27710843373493976,0.3862395300034372,1.7970951063306693,2.39910351149295,0.14931444297679808,0.20858794764087224,0.08770916356781634,0.1629758821942578,0.34806535114507653,0.58022510450498,-0.438785546195806,0.15965467386609794,0.1508500466322131,0.18903948572751408,0.0364819452087343,0.09897578842031718,1.0222581530560118,1.7049529340685254,-0.17981744963960225,0.4924582968527123,0.7980229591836735,0.923744836917818,0.3937981399541134,0.5188724168912848,0.36887719298245614,0.5074993336886994,0.8110183017663333,0.9280300884955752,0.07625516308218204,0.20197704081632642,0.4811275831087152,0.6062018600458865,0.8867654986522912,0.9802168788307402,0.2610524922471825,0.38158053648614293,0.343495092693566,0.4710588620965979,0.8437088815789474,0.9705988917306053,0.0197831211692598,0.11323450134770885,0.6184194635138571,0.7389475077528174,0.2916565533980583,0.48488943488943487,0.9158795430944964,0.9736870834290968,0.6666666666666666,0.8846311475409836,0.7003338696175377,0.8074214975845411,0.5151105651105651,0.7083434466019417,0.026312916570903212,0.08412045690550364
kp_ceftriaxone__historical_S_vs_IR__lightgbm__B_post_marker_current_temporal__all_samples_workload_primary__patient_disjoint_test,kp_cro,patient_episode_sensitivity,current_workflow_protocol_b,v2026.07.17.3,lightgbm,historical_S_vs_IR,patient_disjoint_test,2025-07-01 through 2026-02-28,2026-03-01 through 2026-06-09,788,307,481,379,160,219,299,305,3,rolling_origin_selection,"{""class_weight"": null, ""colsample_bytree"": 0.8, ""learning_rate"": 0.05, ""min_child_samples"": 20, ""n_estimators"": 300, ""num_leaves"": 15, ""subsample"": 0.8}",ok,471,183,288,0.7698915525114156,0.7167920345540477,0.42216358839050133,1.6979011318499004,0.21597419963630082,0.15774914416905958,0.4219415463362074,0.07728557983475401,0.1916563805876043,0.04546143498288133,1.3878911344701672,0.11361787722891115,0.41036146321996003,0.75,0.6575342465753424,0.6153846153846154,0.782608695652174,0.25,0.34246575342465757,0.20604964412905805,0.9875,0.2328767123287671,0.48466257668711654,0.9622641509433962,0.012499999999999956,0.7671232876712328,0.5840987187588161,0.33125,0.9178082191780822,0.7464788732394366,0.6525974025974026,0.66875,0.0821917808219178,0.7213463306202338,0.8202661253078817,0.633917933580788,0.7893869111330315,0.3619259651820909,0.48488266119845064,1.5071202011357159,1.956435501030045,0.18142393187237332,0.24593848185083686,0.1142735098711691,0.2065109735273297,0.3322932281899515,0.537536713803881,-0.2039583103823659,0.36210111665843847,0.17337359392339227,0.2074500349273701,0.04119970465350823,0.1054297882984446,1.0927669330445573,1.766937430135759,-0.16844733244078391,0.4022560230063635,0.6842105263157895,0.8200414012738853,0.5921946263264845,0.7188978494623656,0.5362281488121919,0.6884679978841576,0.7169756789180936,0.8445685905073287,0.1799585987261147,0.3157894736842105,0.28110215053763443,0.4078053736735155,0.9664391825654174,1.0,0.1770194202082747,0.2903225806451613,0.4174617956765318,0.5506026978639338,0.9,1.0,0.0,0.03356081743458256,0.7096774193548387,0.8229805797917252,0.24996546961325966,0.41775752292882584,0.8789237668161435,0.9524140211640211,0.6268190298507463,0.8433829066265061,0.5847090427740864,0.7171306517131755,0.5822424770711742,0.7500345303867403,0.04758597883597889,0.12107623318385652
kp_ceftriaxone__historical_S_vs_IR__lightgbm__B_post_marker_current_temporal__patient_species_30d_episode_first,kp_cro,patient_episode_sensitivity,current_workflow_protocol_b,v2026.07.17.3,lightgbm,historical_S_vs_IR,patient_species_30d_episode_first,2025-07-01 through 2026-02-28,2026-03-01 through 2026-06-09,611,201,410,317,122,195,311,317,3,fixed_from_all_samples_same_task_protocol_label,"{""class_weight"": null, ""colsample_bytree"": 0.8, ""learning_rate"": 0.05, ""min_child_samples"": 20, ""n_estimators"": 300, ""num_leaves"": 15, ""subsample"": 0.8}",ok,370,122,248,0.7609920134510298,0.6724109019632522,0.38485804416403785,1.7471660321504174,0.21563357715212855,0.15912593997449856,0.35138278255475786,0.06949431844710939,0.1960621857926232,0.06185445430083858,1.6609794013810302,0.5129625880355265,0.33187431298808745,0.7704918032786885,0.6205128205128205,0.5595238095238095,0.8120805369127517,0.2295081967213115,0.37948717948717947,0.19759532017831574,0.9672131147540983,0.2358974358974359,0.4419475655430712,0.92,0.032786885245901676,0.764102564102564,0.5009976374951309,0.29508196721311475,0.9435897435897436,0.7659574468085106,0.6814814814814815,0.7049180327868853,0.05641025641025643,0.7044969461769947,0.812150095283137,0.5873357129937977,0.751133102589847,0.326984126984127,0.4402862924825903,1.544825412319635,2.0114483635002145,0.18164702075404757,0.24999552994148835,0.12934077286728313,0.2160318171423894,0.26201903600924964,0.4578395027839044,-0.21783145579491434,0.3557648765912308,0.17797934250523761,0.2145348140678787,0.047743675723815174,0.11942012363343728,1.2376270765693413,2.1643362157158137,0.161378429914917,0.8991789940417313,0.6863528317486565,0.8439788978025811,0.5511280080213904,0.6914505494505494,0.4792773892773893,0.6331462016244624,0.7437373310810811,0.8714333976833977,0.1560211021974189,0.3136471682513435,0.3085494505494506,0.4488719919786096,0.9310278514588859,0.9923091603053436,0.18030336778332146,0.30052945319181046,0.3807557034220532,0.5037043946932006,0.8420753588516746,0.9821506892230576,0.007690839694656462,0.06897214854111408,0.6994705468081895,0.8196966322166785,0.21665,0.375,0.9115954059276596,0.973404255319149,0.6538265306122449,0.8780487804878049,0.6259252597921662,0.740604984683932,0.625,0.78335,0.02659574468085102,0.0884045940723403
kp_ceftazidime__historical_S_vs_IR__lightgbm__B_post_marker_current_temporal__all_samples_workload_primary__patient_disjoint_test,kp_caz,patient_episode_sensitivity,current_workflow_protocol_b,v2026.07.17.3,lightgbm,historical_S_vs_IR,patient_disjoint_test,2025-07-01 through 2026-02-28,2026-03-01 through 2026-06-09,1100,403,697,396,142,254,314,319,3,rolling_origin_selection,"{""class_weight"": ""balanced"", ""colsample_bytree"": 0.8, ""learning_rate"": 0.05, ""min_child_samples"": 20, ""n_estimators"": 300, ""num_leaves"": 15, ""subsample"": 0.8}",ok,492,176,316,0.7434290784074526,0.6484089225382559,0.35858585858585856,1.8082389670785166,0.20652077720322776,0.12600986980135698,0.41601802419509526,-0.32409106900069934,0.18952009776747156,0.0504191354510563,0.9724269211239502,-0.225082601111163,0.44368953940632044,0.5915492957746479,0.7598425196850394,0.5793103448275863,0.7689243027888446,0.4084507042253521,0.24015748031496065,0.19628741032704475,0.9507042253521126,0.23622047244094488,0.41033434650455924,0.8955223880597015,0.04929577464788737,0.7637795275590551,0.5622209116659044,0.4084507042253521,0.8818897637795275,0.6590909090909091,0.7272727272727273,0.5915492957746479,0.11811023622047245,0.6887807434400253,0.7986355350125276,0.5553804757234745,0.7296010478506607,0.29666810583489334,0.41945686126669535,1.563943743502089,2.1413106955566126,0.1762606295956817,0.23775732450836903,0.09595290817608565,0.17647805514977177,0.31920684836767127,0.5416907591548692,-0.6258593590135711,-0.04151134359138776,0.16990625715300928,0.2096757425225347,0.03846763975651013,0.10983121768095697,0.7460089041548797,1.266281227670212,-0.5225862866518304,0.058806057954078006,0.493148306697108,0.6912216202270381,0.7007386363636364,0.812302860197808,0.4820010658140155,0.6667177914110428,0.6996047430830039,0.8352227892615147,0.30877837977296185,0.5068516933028919,0.18769713980219196,0.2992613636363636,0.910342617152962,0.9840062992125984,0.186201588877855,0.28679563729002466,0.33747444968553464,0.4759446282074375,0.8125,0.9661158192090396,0.015993700787401588,0.08965738284703798,0.7132043627099753,0.813798411122145,0.3178729640236263,0.507465513342379,0.8424862637362638,0.9191587185130838,0.5520633012820513,0.7638927902621723,0.6604692115428312,0.7898305084745763,0.49253448665762095,0.6821270359763737,0.08084128148691612,0.15751373626373624
kp_ceftazidime__historical_S_vs_IR__lightgbm__B_post_marker_current_temporal__patient_species_30d_episode_first,kp_caz,patient_episode_sensitivity,current_workflow_protocol_b,v2026.07.17.3,lightgbm,historical_S_vs_IR,patient_species_30d_episode_first,2025-07-01 through 2026-02-28,2026-03-01 through 2026-06-09,858,264,594,336,110,226,330,336,3,fixed_from_all_samples_same_task_protocol_label,"{""class_weight"": ""balanced"", ""colsample_bytree"": 0.8, ""learning_rate"": 0.05, ""min_child_samples"": 20, ""n_estimators"": 300, ""num_leaves"": 15, ""subsample"": 0.8}",ok,387,114,273,0.73994368463395,0.6258049514898321,0.3273809523809524,1.9115496700053052,0.199423738153377,0.12522894998968684,0.3707366242173294,-0.35686983299093555,0.17997090410138086,0.028167678020244433,1.0565821717552095,0.015771771512082748,0.3096758480981382,0.7090909090909091,0.6504424778761062,0.4968152866242038,0.8212290502793296,0.2909090909090909,0.3495575221238938,0.16240961130379192,0.9363636363636364,0.24336283185840707,0.3759124087591241,0.8870967741935484,0.0636363636363636,0.7566371681415929,0.48540221655405946,0.35454545454545455,0.915929203539823,0.6724137931034483,0.7446043165467626,0.6454545454545455,0.08407079646017701,0.6803219590043147,0.7929490045998557,0.5395437816731778,0.7106072361288056,0.27677297833547837,0.3783783783783784,1.6527353404900378,2.259647211586705,0.17014566571068895,0.23282923372317166,0.1022625135196771,0.18229990287333198,0.27753934440005734,0.49346441650593964,-0.6075461780927993,-0.08950232839113755,0.1591970199655369,0.20166355917679987,0.03098084461621985,0.08573181993571666,0.7911596398122289,1.4067951308867062,-0.2762318717769528,0.34479948018777135,0.6209607897664071,0.7909189723320158,0.5877192982456141,0.7053634012016021,0.4150395617772368,0.5672637238256932,0.7613573232323232,0.8742857142857143,0.2090810276679842,0.3790392102335929,0.2946365987983978,0.4122807017543859,0.8865979381443299,0.9752166901834307,0.19046541693600516,0.2986649498509081,0.3185060855908913,0.43446122999960296,0.8107991612301958,0.9559138655462185,0.02478330981656927,0.11340206185567014,0.7013350501490918,0.8095345830639948,0.25925099206349206,0.44266848816029136,0.8805262461235913,0.9487234042553191,0.5517241379310345,0.7869246532156368,0.6906474820143885,0.7957155425219941,0.5573315118397085,0.7407490079365079,0.05127659574468089,0.1194737538764087
kp_ciprofloxacin__historical_S_vs_IR__lightgbm__B_post_marker_current_temporal__all_samples_workload_primary__patient_disjoint_test,kp_cip,patient_episode_sensitivity,current_workflow_protocol_b,v2026.07.17.3,lightgbm,historical_S_vs_IR,patient_disjoint_test,2025-07-01 through 2026-02-28,2026-03-01 through 2026-06-09,1099,500,599,398,189,209,315,320,3,rolling_origin_selection,"{""class_weight"": null, ""colsample_bytree"": 0.8, ""learning_rate"": 0.05, ""min_child_samples"": 20, ""n_estimators"": 300, ""num_leaves"": 31, ""subsample"": 0.8}",ok,492,211,281,0.773777879041037,0.7774978677021518,0.4748743718592965,1.6372706420394518,0.21429356749995424,0.14042761964574096,0.38109446809331493,0.039316236631372264,0.19272391672659575,0.02799776360676106,1.1163296835822356,0.10510962931324241,0.4743771557095023,0.6455026455026455,0.7464114832535885,0.6971428571428572,0.6995515695067265,0.35449735449735453,0.2535885167464115,0.22706276538925574,0.9365079365079365,0.28708133971291866,0.5429447852760736,0.8333333333333334,0.06349206349206349,0.7129186602870814,0.624941890287145,0.4021164021164021,0.9234449760765551,0.8260869565217391,0.630718954248366,0.5978835978835979,0.07655502392344493,0.7241476756045293,0.8221175951257135,0.7146975851688738,0.8336750287263366,0.41313479843225087,0.534959122203098,1.4901758764688573,1.837610549329763,0.1798644612258859,0.24537677979181044,0.10825135614943884,0.1893170670252606,0.2979466927137494,0.49154747896796347,-0.2341677412829382,0.30646121974667984,0.17294066795338925,0.21121939242901622,0.032135180232890345,0.09076668029123414,0.8728257147924726,1.4397508983996579,-0.16535721558451094,0.3764474147827772,0.5769021739130434,0.716671686746988,0.6824318291091421,0.8066077613708869,0.6187836671270718,0.7647288602941176,0.633158944403486,0.7695944484108954,0.28332831325301205,0.42309782608695656,0.19339223862911312,0.3175681708908578,0.9010974702380953,0.9677462480593411,0.22109432137211882,0.3512353206865402,0.4758770932787755,0.6052854251012145,0.744423076923077,0.9154972000678772,0.03225375194065894,0.09890252976190475,0.6487646793134598,0.7789056786278811,0.32179872142580396,0.4793867031348622,0.8840495449949445,0.9593925778570449,0.738631993006993,0.9079014500537057,0.5672021679927378,0.6945446318429089,0.5206132968651377,0.678201278574196,0.04060742214295515,0.11595045500505556
kp_ciprofloxacin__historical_S_vs_IR__lightgbm__B_post_marker_current_temporal__patient_species_30d_episode_first,kp_cip,patient_episode_sensitivity,current_workflow_protocol_b,v2026.07.17.3,lightgbm,historical_S_vs_IR,patient_species_30d_episode_first,2025-07-01 through 2026-02-28,2026-03-01 through 2026-06-09,857,345,512,339,152,187,333,339,3,fixed_from_all_samples_same_task_protocol_label,"{""class_weight"": null, ""colsample_bytree"": 0.8, ""learning_rate"": 0.05, ""min_child_samples"": 20, ""n_estimators"": 300, ""num_leaves"": 31, ""subsample"": 0.8}",ok,387,146,241,0.7821207430340557,0.762512980289713,0.44837758112094395,1.7006046073566627,0.20398753284849233,0.13594260846021367,0.3904255726792696,0.21066534316642288,0.19283714524532902,0.08930579878797884,1.1586697251318303,0.4455704066532834,0.47226549532527173,0.5394736842105263,0.8609625668449198,0.7592592592592593,0.696969696969697,0.4605263157894737,0.13903743315508021,0.2266744855198838,0.868421052631579,0.4385026737967914,0.5569620253164557,0.803921568627451,0.13157894736842102,0.5614973262032086,0.5682747997777481,0.34868421052631576,0.946524064171123,0.8412698412698413,0.6413043478260869,0.6513157894736843,0.053475935828877,0.7288849543313829,0.8327191883263507,0.6900151350562781,0.820608665541642,0.395819505899705,0.49425288588531924,1.534724834208887,1.9103105131538356,0.17163368009871086,0.23805403459919733,0.10968621621136666,0.19270349806103218,0.29698124736486464,0.5069921119073181,-0.024213344870402602,0.4614259827300814,0.17170997695260257,0.21386398286865782,0.05880255980667917,0.13815010724164853,0.8813288712873693,1.5048243049490178,0.18101166740631375,0.7243419131203971,0.4588898401826484,0.618094964212679,0.8115183246073299,0.909575219377329,0.6700957984827854,0.8333333333333334,0.635525697503671,0.7566512800903165,0.38190503578732105,0.5411101598173516,0.09042478062267104,0.18848167539267013,0.8081922700587084,0.9208680424081788,0.37012212852573423,0.5027955133735978,0.4935519430889529,0.6106613107894917,0.7233884558668633,0.8791537267080745,0.07913195759182123,0.19180772994129155,0.4972044866264021,0.6298778714742657,0.2733800959232614,0.4276315789473684,0.913031598954621,0.9741064148759896,0.7457460950481888,0.921875,0.5873701298701298,0.6993275451140619,0.5723684210526316,0.7266199040767385,0.025893585124010396,0.08696840104537899
ec_ceftriaxone__historical_S_vs_IR__lightgbm__B_post_marker_current_temporal__all_samples_workload_primary__patient_disjoint_test,ec_cro,patient_episode_sensitivity,current_workflow_protocol_b,v2026.07.17.3,lightgbm,historical_S_vs_IR,patient_disjoint_test,2025-07-01 through 2026-02-28,2026-03-01 through 2026-06-09,693,403,290,433,220,213,377,392,3,rolling_origin_selection,"{""class_weight"": ""balanced"", ""colsample_bytree"": 0.8, ""learning_rate"": 0.05, ""min_child_samples"": 50, ""n_estimators"": 300, ""num_leaves"": 15, ""subsample"": 0.8}",ok,429,251,178,0.48770806658130605,0.5344773859964935,0.5080831408775982,1.051948673347644,0.3215473096343246,0.22968298669612972,-0.024022274024088096,0.04117699399256107,0.2592317291909516,0.0957363422801301,-0.15673664394777292,0.08658511299749064,0.5641733774980183,0.6545454545454545,0.323943661971831,0.5,0.47586206896551725,0.34545454545454546,0.676056338028169,0.5249019247323076,0.8681818181818182,0.0892018779342723,0.4961038961038961,0.3958333333333333,0.13181818181818183,0.9107981220657277,0.6521451785219741,0.09545454545454546,0.9342723004694836,0.6,0.5,0.9045454545454545,0.06572769953051638,0.43480552294904734,0.5443323858761554,0.468616040706453,0.6084597907817045,0.4544815839897807,0.5632899733125701,0.96669733003399,1.1561672519309332,0.2949257878039815,0.3474995080088917,0.1891736836507101,0.2836445642890456,-0.16341985714710733,0.11656909540853443,-0.1820248039708119,0.26289828885436256,0.24853998480790626,0.26931008456812605,0.04516432077066431,0.14935440268724734,-1.055530894901184,0.7576467373042083,-0.29344066055501644,0.46439356536101667,0.5906863301191152,0.7161656462431909,0.2651093766592333,0.38638196480938414,0.43680856734426865,0.5677700348432055,0.3953377277440379,0.5564052536404301,0.2838343537568091,0.40931366988088486,0.6136180351906159,0.7348906233407667,0.8215920523138833,0.9128675807324553,0.054439350885761226,0.13044494108086144,0.43958382020721354,0.5552704678362572,0.260829307568438,0.53573606271777,0.08713241926754467,0.17840794768611673,0.8695550589191385,0.9455606491142388,0.05828945787956438,0.13365855079217143,0.9038388324873097,0.9665146220889833,0.4358108108108108,0.7692307692307693,0.4443958333333333,0.5563914594177751,0.8663414492078285,0.9417105421204357,0.03348537791101665,0.09616116751269034
ec_ceftriaxone__historical_S_vs_IR__lightgbm__B_post_marker_current_temporal__patient_species_30d_episode_first,ec_cro,patient_episode_sensitivity,current_workflow_protocol_b,v2026.07.17.3,lightgbm,historical_S_vs_IR,patient_species_30d_episode_first,2025-07-01 through 2026-02-28,2026-03-01 through 2026-06-09,612,341,271,410,214,196,393,410,3,fixed_from_all_samples_same_task_protocol_label,"{""class_weight"": ""balanced"", ""colsample_bytree"": 0.8, ""learning_rate"": 0.05, ""min_child_samples"": 50, ""n_estimators"": 300, ""num_leaves"": 15, ""subsample"": 0.8}",ok,377,211,166,0.5099895098226206,0.5709175938231228,0.5219512195121951,1.0938140816237398,0.30420540209985625,0.20519299937524085,0.04419142037791687,0.075308092789168,0.2508078127871351,0.04700602829703775,0.6035419571430123,-0.055731050016782864,0.5352195130001005,0.8317757009345794,0.10204081632653061,0.5028248587570622,0.35714285714285715,0.16822429906542058,0.8979591836734694,0.5324171158976441,0.8598130841121495,0.09183673469387756,0.5082872928176796,0.375,0.14018691588785048,0.9081632653061225,0.5919119060965539,0.11214953271028037,0.9387755102040817,0.6666666666666666,0.4919786096256685,0.8878504672897196,0.061224489795918324,0.4559156067244302,0.565921502301882,0.5060328136752343,0.6470551866866078,0.4721447013819895,0.5693855944595875,1.0019942860030402,1.2013513510713885,0.28102613457889297,0.3278924866128701,0.1700276557490012,0.260737117830416,-0.10419806748282362,0.19576876602831703,-0.12433466931771459,0.272427324354105,0.24457184584395272,0.257106394858184,0.008068116991087332,0.0965372608297019,-1.427729547737079,2.670143222998573,-0.6003462404612558,0.4486643267973775,0.7806036652329094,0.8818181818181818,0.06279438405797101,0.14285714285714285,0.44972067039106145,0.5539782564215563,0.23402482269503547,0.4889115646258503,0.11818181818181817,0.21939633476709064,0.8571428571428572,0.9372056159420289,0.8142694805194806,0.9045454545454545,0.05338585811886783,0.13227707749766573,0.45403366872211726,0.5574361820199778,0.2391304347826087,0.5185185185185185,0.09545454545454546,0.18573051948051947,0.8677229225023342,0.9466141418811321,0.07281553398058252,0.15792464114832533,0.9047316896301668,0.9700110837438424,0.5118902439024391,0.8333333333333334,0.44141689373297005,0.5427882534452185,0.8420753588516746,0.9271844660194175,0.029988916256157662,0.09526831036983317
ec_ciprofloxacin__historical_S_vs_IR__lightgbm__B_post_marker_current_temporal__all_samples_workload_primary__patient_disjoint_test,ec_cip,patient_episode_sensitivity,current_workflow_protocol_b,v2026.07.17.3,lightgbm,historical_S_vs_IR,patient_disjoint_test,2025-07-01 through 2026-02-28,2026-03-01 through 2026-06-09,989,828,161,441,368,73,384,397,3,rolling_origin_selection,"{""class_weight"": ""balanced"", ""colsample_bytree"": 0.8, ""learning_rate"": 0.05, ""min_child_samples"": 20, ""n_estimators"": 300, ""num_leaves"": 31, ""subsample"": 0.8}",ok,451,400,51,0.5611226920786182,0.8578432881664998,0.8344671201814059,1.0280132882647457,0.17002555176906742,0.15138721084184587,0.06504925685038417,1.3298201911473362,0.1401515790153614,0.0525176478939588,0.6123456221653335,0.3638130442179214,0.8988672575005358,0.36141304347826086,0.7397260273972602,0.875,0.18685121107266436,0.6385869565217391,0.26027397260273977,0.8454872162514743,0.8940217391304348,0.0958904109589041,0.8329113924050633,0.15217391304347827,0.10597826086956519,0.904109589041096,0.9130929121566245,0.1766304347826087,0.8904109589041096,0.8904109589041096,0.1766304347826087,0.8233695652173914,0.1095890410958904,0.496425170315291,0.6278423686640902,0.8128705682732595,0.9045088968655581,0.7940468598438363,0.8709695664866443,0.993901722208293,1.0670561542276136,0.13626208327567163,0.20545461629533263,0.11973788310331177,0.19640823608142344,-0.014920505024709587,0.15267480752681098,0.8896671419296897,1.8042280318240098,0.11182692984757218,0.17110963146624716,0.017848112422185793,0.0934418366548165,-0.14166555411054954,1.440581121365504,-1.3129312546040015,1.934442360683256,0.3139375493351145,0.4131641428991473,0.6436781609195402,0.8333333333333334,0.8231131505856781,0.924531532695787,0.14186789859873863,0.23694690781117078,0.5868358571008526,0.6860624506648855,0.16666666666666663,0.3563218390804598,0.860655737704918,0.9247963091922006,0.03527383367139959,0.16475490196078427,0.7905685515726891,0.8728229030598108,0.05879524886877828,0.2609267734553775,0.07520369080779941,0.139344262295082,0.8352450980392158,0.9647261663286004,0.13918187862669246,0.21643835616438356,0.8242807323452485,0.9552238805970149,0.8208859548411788,0.9545454545454546,0.1365952459581311,0.22070935271609948,0.7835616438356164,0.8608181213733076,0.04477611940298509,0.17571926765475146
ec_ciprofloxacin__historical_S_vs_IR__lightgbm__B_post_marker_current_temporal__patient_species_30d_episode_first,ec_cip,patient_episode_sensitivity,current_workflow_protocol_b,v2026.07.17.3,lightgbm,historical_S_vs_IR,patient_species_30d_episode_first,2025-07-01 through 2026-02-28,2026-03-01 through 2026-06-09,875,722,153,430,365,65,413,430,3,fixed_from_all_samples_same_task_protocol_label,"{""class_weight"": ""balanced"", ""colsample_bytree"": 0.8, ""learning_rate"": 0.05, ""min_child_samples"": 20, ""n_estimators"": 300, ""num_leaves"": 31, ""subsample"": 0.8}",ok,394,345,49,0.5972602739726027,0.8952563096034651,0.8488372093023255,1.0546855154232604,0.15259292060303195,0.13893326657390637,0.1293265028582562,1.2038643385026375,0.12712350841829886,0.0350137284946787,1.0845023409905665,-0.37537925202103783,0.8968400353883567,0.31232876712328766,0.8307692307692308,0.912,0.17704918032786884,0.6876712328767123,0.16923076923076918,0.8259347472711637,0.9041095890410958,0.1076923076923077,0.8505154639175257,0.16666666666666666,0.09589041095890416,0.8923076923076922,0.9123425051018488,0.1589041095890411,0.9230769230769231,0.9206349206349206,0.16348773841961853,0.8410958904109589,0.07692307692307687,0.5269132583963789,0.6651382892030256,0.8580823245161925,0.9282882685299332,0.8154011794520841,0.8822273905170824,1.0230874386438362,1.0859736200481829,0.12386522170560932,0.18097225976370554,0.1089158010529486,0.17441514123462803,0.0385860615042897,0.22693381228023107,0.8062486356070062,1.6685426986867145,0.10208158642153654,0.15159690273409826,0.011370143742192898,0.07074682671378557,0.3222028375449002,1.9039070953215453,-1.867052465546298,1.1442807856924182,0.2641405764047273,0.35945945945945945,0.732122867803838,0.9152542372881356,0.8606509721692718,0.957274011299435,0.13521800101988782,0.2196252344615909,0.6405405405405405,0.7358594235952727,0.0847457627118644,0.26787713219616205,0.8736026904130353,0.9320686717022845,0.03773584905660377,0.196727521112767,0.8150969328703703,0.886307780648866,0.06120902906617192,0.2830862533692722,0.06793132829771557,0.12639730958696474,0.803272478887233,0.9622641509433962,0.12120998719590269,0.19668858023487185,0.8570852534562211,0.9830647402056127,0.8507276119402986,0.9821506892230576,0.125325,0.20057034940050864,0.8033114197651282,0.8787900128040973,0.016935259794387286,0.1429147465437788
ec_cefepime__historical_S_vs_IR__lightgbm__B_post_marker_current_temporal__all_samples_workload_primary__patient_disjoint_test,ec_fep,patient_episode_sensitivity,current_workflow_protocol_b,v2026.07.17.3,lightgbm,historical_S_vs_IR,patient_disjoint_test,2025-07-01 through 2026-02-28,2026-03-01 through 2026-06-09,946,416,530,427,179,248,372,385,3,rolling_origin_selection,"{""class_weight"": null, ""colsample_bytree"": 0.8, ""learning_rate"": 0.05, ""min_child_samples"": 20, ""n_estimators"": 300, ""num_leaves"": 15, ""subsample"": 0.8}",ok,424,199,225,0.5267165255000901,0.4642350422484699,0.41920374707259955,1.1074210225703722,0.2950640788170115,0.2193622567394618,0.08479172010194747,-0.28041802949921524,0.24566242419827317,0.05484551510752087,1.067621612657707,-0.2163120323079961,0.47159612106157517,0.547486033519553,0.4838709677419355,0.4336283185840708,0.5970149253731343,0.45251396648044695,0.5161290322580645,0.4263259244525245,0.9720670391061452,0.056451612903225805,0.4264705882352941,0.7368421052631579,0.027932960893854775,0.9435483870967742,0.5076230439970598,0.12849162011173185,0.9314516129032258,0.575,0.5968992248062015,0.8715083798882681,0.06854838709677424,0.47184022070094395,0.5873990644364322,0.3917454150340044,0.5419937423255815,0.36530774383931,0.4713134434700001,1.0022655587886522,1.2749605880840489,0.2681600645029476,0.31952526968617717,0.17553606242374573,0.2696869565077597,-0.04800023248006055,0.24535355384552995,-0.5244136553762563,-0.06324610577469657,0.24178226894011645,0.2491744021448561,0.013917570775876312,0.11163996181007457,-0.607317750061975,3.0845222029547523,-0.5295638544311874,0.0589129779811821,0.47402503565798365,0.6171767134599504,0.4185801479105409,0.5481481315208218,0.35896017699115046,0.5065516611199815,0.5277276632302406,0.6667056074766354,0.3828232865400496,0.5259749643420164,0.45185186847917824,0.581419852089459,0.9470525657071339,0.9942873284907183,0.03124394379844961,0.08518733850129198,0.3707249158448001,0.4778432212465196,0.56,0.9375,0.005712671509281636,0.05294743429286611,0.9148126614987081,0.9687560562015504,0.08425872973154813,0.18285714285714286,0.8983722612649855,0.9596814678067107,0.4209429824561403,0.7272727272727273,0.540812978734801,0.6544502617801047,0.8171428571428572,0.9157412702684519,0.04031853219328925,0.10162773873501452
ec_cefepime__historical_S_vs_IR__lightgbm__B_post_marker_current_temporal__patient_species_30d_episode_first,ec_fep,patient_episode_sensitivity,current_workflow_protocol_b,v2026.07.17.3,lightgbm,historical_S_vs_IR,patient_species_30d_episode_first,2025-07-01 through 2026-02-28,2026-03-01 through 2026-06-09,840,358,482,415,179,236,398,415,3,fixed_from_all_samples_same_task_protocol_label,"{""class_weight"": null, ""colsample_bytree"": 0.8, ""learning_rate"": 0.05, ""min_child_samples"": 20, ""n_estimators"": 300, ""num_leaves"": 15, ""subsample"": 0.8}",ok,372,168,204,0.5397216172710918,0.4822653325108935,0.43132530120481927,1.1181011898995576,0.30009714396320236,0.22007294175028064,0.09863072975786802,-0.22003853487714134,0.24516500611611722,0.022053071586319473,3.934816081106944,0.45832918965787545,0.4556148628691399,0.41899441340782123,0.6101694915254238,0.4491017964071856,0.5806451612903226,0.5810055865921788,0.38983050847457623,0.43612266292765905,0.9776536312849162,0.029661016949152543,0.43316831683168316,0.6363636363636364,0.022346368715083775,0.9703389830508474,0.46582660617580435,0.11731843575418995,0.9067796610169492,0.4883720930232558,0.5752688172043011,0.88268156424581,0.09322033898305082,0.4867683049916989,0.5937501325954848,0.41578189718732333,0.5566791203319296,0.37947284434334005,0.47983395761008585,1.0101198926616697,1.2684969777691866,0.2731235126551699,0.32783952313374964,0.17528614985870664,0.26698832008449336,-0.02739684364096451,0.22774356812801122,-0.44584570793843253,-0.01785478849027161,0.24042123456151723,0.24992126359657674,0.0008736231493256086,0.07355141572867611,-1.0974734816762266,9.131922418722203,-0.5114362649039735,1.414867428763926,0.35515293882447024,0.49133437836778676,0.5479652542372881,0.6694924347130283,0.37174855491329484,0.5238240418118467,0.5186532614704257,0.6459188003394661,0.5086656216322132,0.6448470611755298,0.3305075652869717,0.4520347457627118,0.9553987189175573,0.9946524064171123,0.008473682328541801,0.051729735781459917,0.3814064501106066,0.48363128702174035,0.3333333333333333,0.9092803030303028,0.005347593582887722,0.04460128108244267,0.9482702642185401,0.9915263176714583,0.07406881313131312,0.1657165062916358,0.865546218487395,0.9423891073964821,0.34041489361702126,0.6389166666666666,0.5242030331166821,0.6274304859486951,0.8342834937083642,0.9259311868686869,0.057610892603517934,0.134453781512605
